log_id,date,temperature,humidity,rainfall,wind_speed,crop_type,pest_infestation,soil_moisture
1,3/19/2020,7.5,31.1,21.75,94.8,beans,FALSE,65.9
2,04/06/2021,29.8,19,92.89,12.7,potatoes,TRUE,56.3
3,03/07/2020,-4.1,50.2,314.55,74.2,potatoes,TRUE,95.8
4,3/31/2018,10.9,41,110.94,92.5,wheat,TRUE,66.9
5,07/10/2017,6.4,95.3,390.13,24.3,wheat,FALSE,77.4
6,5/31/2021,17.3,0.8,197.4,60.7,wheat,TRUE,56.6
7,04/08/2018,-6,96.9,358.54,49.2,wheat,TRUE,10.9
8,7/20/2018,-8.6,38.9,12.01,19.7,beans,TRUE,12.6
9,4/30/2020,39.7,77.4,280.6,78.2,maize,FALSE,74.2
10,12/30/2019,9.4,17.9,99.51,20.9,beans,TRUE,18.8
11,09/01/2022,35.1,85.1,173.61,38.4,potatoes,TRUE,60.1
12,3/18/2022,38.6,3.7,69.57,52.9,maize,TRUE,82.9
13,12/18/2021,20.8,89.6,100.32,35.3,tomatoes,FALSE,40.9
14,12/03/2019,20.9,16.7,73.21,73.2,wheat,FALSE,89.3
15,05/07/2022,-3.7,90.3,112.55,95.1,potatoes,TRUE,86.6
16,10/23/2020,-4.4,2.8,290.87,21.2,beans,TRUE,55.1
17,08/03/2019,-7.2,44.3,317.8,29.8,tomatoes,FALSE,69.9
18,1/18/2021,16.4,53.3,49.75,68.4,potatoes,TRUE,41.1
19,7/14/2017,29.7,51.7,13.96,28.9,maize,TRUE,30.7
20,11/28/2019,0.2,53.6,182.56,67.8,maize,TRUE,34.6
21,8/19/2017,-2.7,30.6,3.85,1.3,potatoes,TRUE,94.1
22,08/07/2017,29.9,48.5,297.9,72.2,beans,TRUE,57.6
23,8/14/2020,0.7,23.4,23.69,23.7,potatoes,FALSE,8.8
24,9/16/2020,29,68.3,0,50.1,maize,TRUE,53.2
25,5/28/2020,7.2,85.3,345.38,58.9,wheat,FALSE,53.3
26,8/29/2022,28.8,97.3,42.29,15.6,potatoes,TRUE,6.6
27,5/28/2017,20.1,46.8,217.46,5.5,beans,TRUE,75.7
28,08/02/2021,4.7,24,285.42,33.9,potatoes,TRUE,71.3
29,7/30/2017,17.8,70.7,276.49,20.6,beans,FALSE,41.3
30,9/13/2018,35.1,29.3,165.89,58.9,maize,FALSE,85.7
31,6/16/2021,3.1,76.4,155.49,43,maize,FALSE,23.4
32,11/23/2020,20,95.1,240.73,62.1,potatoes,TRUE,30.6
33,6/27/2022,21.4,93.7,379.99,82.7,potatoes,FALSE,67.4
34,10/20/2018,-6.5,3.5,426.93,29.3,maize,TRUE,38.1
35,8/21/2020,-3.2,14.7,14.8,90,potatoes,FALSE,87.4
36,7/13/2017,8.2,51.7,199,76.5,wheat,TRUE,49.4
37,5/31/2022,-9,3.9,314.9,23.9,tomatoes,FALSE,35.5
38,12/04/2017,39.3,99.4,260.84,7.9,beans,FALSE,93.9
39,02/07/2022,35.1,69.8,419.94,20.5,potatoes,FALSE,63.9
40,9/29/2017,33.8,82.4,62.2,6.6,beans,FALSE,13.9
41,5/15/2021,32.5,52.9,382.11,28.5,wheat,FALSE,14.2
42,4/26/2021,35.1,62.6,353.45,34,wheat,FALSE,46.5
43,12/11/2022,4.6,72.2,319.9,77.4,tomatoes,TRUE,14.6
44,5/27/2020,4.7,94.6,272.19,15.7,beans,TRUE,79.1
45,02/01/2021,26.6,0,198.79,58.2,wheat,TRUE,0.3
46,02/09/2017,3.5,15.5,105.88,64.7,wheat,FALSE,77.9
47,09/10/2022,-3.3,77.6,421.81,67.2,beans,TRUE,95.2
48,10/11/2018,20.4,4,65.19,95.1,potatoes,FALSE,81.1
49,5/31/2020,19.7,47.4,397.27,21.7,potatoes,TRUE,6.8
50,02/08/2017,6.7,31.9,401.88,43.5,wheat,TRUE,98.7
51,02/02/2017,9.4,3.3,346.34,43.3,potatoes,FALSE,56.3
52,4/23/2022,15,25.2,151.34,46.9,maize,TRUE,23.9
53,4/18/2021,-7.5,82.9,467.96,13.9,maize,TRUE,39.5
54,5/17/2017,7.1,13.3,32.09,8,tomatoes,FALSE,76.5
55,5/20/2019,10.3,3.1,291.88,2,wheat,FALSE,21.8
56,6/14/2021,21.1,86.6,365.13,7.8,wheat,TRUE,0.7
57,12/01/2022,20.2,38.9,267.88,72.2,tomatoes,FALSE,70.9
58,05/07/2018,20.5,94.6,257.87,70.6,potatoes,TRUE,0.8
59,11/12/2018,-1.1,96.3,39.53,14.5,maize,FALSE,83.2
60,2/14/2022,39.1,63.7,444.33,32.8,beans,FALSE,7.2
61,09/03/2022,12.5,5.2,353.48,66.4,maize,TRUE,34.1
62,02/02/2017,-0.9,59.3,372.54,69.3,tomatoes,TRUE,7.5
63,06/05/2020,-3.8,53.5,159.42,77.8,potatoes,FALSE,82.8
64,9/24/2018,16,78.1,140.8,45.1,beans,TRUE,39.6
65,11/26/2021,7.5,19.4,278.8,70.9,beans,FALSE,26.7
66,7/21/2022,13.3,23.4,494.98,65.6,tomatoes,FALSE,58.2
67,4/23/2019,30.5,30.5,384.64,78.9,maize,FALSE,27.3
68,11/24/2020,14.2,73.8,334.56,28,maize,FALSE,77.3
69,08/09/2020,-4.7,68.5,190.46,98.1,wheat,TRUE,63.2
70,3/30/2022,21.1,62.9,136.64,15.9,tomatoes,TRUE,22.5
71,07/01/2018,2.2,6,201.57,43.2,tomatoes,TRUE,13.9
72,01/02/2022,28.3,82,358.49,19.5,maize,FALSE,54.6
73,12/03/2017,30.8,86.7,238.31,29.5,potatoes,TRUE,0.9
74,12/17/2017,37.6,80.1,54.17,22.9,tomatoes,TRUE,89.7
75,06/07/2020,26.5,18.1,209.86,3.4,beans,TRUE,0.9
76,3/27/2018,19.7,54.9,117.67,38.7,maize,FALSE,79.9
77,5/31/2022,34.3,38.2,314.86,30.2,potatoes,TRUE,36.9
78,12/26/2022,-8.1,74,51.71,12.8,tomatoes,FALSE,85.1
79,03/11/2018,-7.6,8.3,192.54,81.2,tomatoes,FALSE,15.5
80,10/23/2019,37.1,15.3,96.3,48.2,tomatoes,FALSE,75.6
81,12/13/2018,16.6,22.5,191.94,27.1,beans,TRUE,60.5
82,10/06/2019,-0.4,79.4,128.42,11,maize,FALSE,33.9
83,7/18/2019,10.2,13.2,417.79,9,potatoes,FALSE,64.5
84,11/10/2017,6.5,40.4,270.38,15,beans,TRUE,79.7
85,12/02/2022,-7.5,26.4,408.51,24.2,tomatoes,TRUE,59.9
86,06/11/2020,16.5,19.9,151.17,99.2,beans,FALSE,33
87,12/04/2021,10.6,27.9,138.99,27.1,tomatoes,FALSE,17.6
88,7/16/2017,35.2,20.2,321.26,76,tomatoes,FALSE,81.3
89,06/10/2018,25.1,28.1,479.19,15.5,beans,FALSE,79.9
90,4/26/2020,24.9,41.8,110.83,67.4,wheat,TRUE,17.2
91,03/04/2018,27.6,44.2,187.33,60.5,wheat,FALSE,12
92,04/02/2019,10.5,29.8,159.25,9,tomatoes,TRUE,66.8
93,04/08/2019,14.9,86.8,323.96,34,maize,FALSE,20
94,7/15/2018,17,75.9,12.64,93.3,maize,FALSE,82
95,8/29/2020,8,73.9,263.36,31.5,beans,TRUE,94.7
96,11/03/2020,9.1,33.4,387.16,98.4,beans,TRUE,24.3
97,11/06/2018,4.6,70.9,492.6,5.1,tomatoes,FALSE,24.7
98,7/31/2021,18.5,63.4,71.01,43.5,tomatoes,FALSE,56.7
99,7/29/2018,33.6,61.5,195.39,80.6,tomatoes,TRUE,64.2
100,03/12/2018,23.8,99.7,141.89,9.6,maize,TRUE,33.5
101,10/14/2019,13.8,20.9,424.66,6.8,beans,FALSE,43.6
102,7/15/2020,32,39.2,472.78,90.2,potatoes,FALSE,56.8
103,7/25/2017,11.1,53,144.27,27.9,potatoes,TRUE,87.4
104,07/05/2017,38.1,22.2,135.25,67.4,beans,TRUE,42.4
105,08/04/2019,-1.6,54.4,305.49,18.6,maize,FALSE,1.2
106,7/30/2017,12.4,70.6,281.84,56.1,tomatoes,FALSE,53.8
107,01/12/2022,9.7,53.4,481.21,5,potatoes,TRUE,74.9
108,7/29/2021,27.5,55.4,269.39,89.3,potatoes,FALSE,22.1
109,12/25/2017,1,29,147.87,54.6,potatoes,TRUE,71.1
110,11/07/2019,20.8,74.2,28.44,10.9,beans,TRUE,85.7
111,10/21/2022,34.4,65.1,436.5,72.2,maize,FALSE,21.6
112,3/28/2022,3.7,97,169.85,14.3,potatoes,TRUE,49.9
113,6/19/2022,29.3,0.3,185.48,49.6,potatoes,TRUE,12
114,10/13/2020,29.7,48.5,243.78,95.6,tomatoes,FALSE,46.1
115,03/12/2021,27.6,59.6,453.1,80.3,beans,TRUE,2.4
116,11/16/2020,28.8,25.7,53.36,31.8,maize,FALSE,84.2
117,12/02/2018,2.5,5.7,76.84,67.7,potatoes,TRUE,37.7
118,2/25/2020,28.1,38,316.56,71.5,potatoes,FALSE,36.6
119,1/25/2022,-4.6,66.4,36.29,67.5,beans,TRUE,62.5
120,06/02/2017,11,42.8,459.89,37.9,tomatoes,TRUE,0.7
121,5/19/2021,-3.4,25.1,236.08,51.1,wheat,TRUE,33.1
122,7/29/2021,-3.3,99.5,249.06,84.3,potatoes,TRUE,51.7
123,11/27/2017,-8.7,81,432.91,66.8,maize,TRUE,42.5
124,05/09/2018,-3.8,70.9,230.42,72.1,beans,FALSE,63.4
125,7/31/2019,37.8,17.3,297.68,65.9,maize,TRUE,58
126,12/21/2020,4.3,78.7,31.26,11.7,tomatoes,TRUE,8.6
127,04/04/2021,32.3,37.2,107.61,65.6,maize,FALSE,46.5
128,09/01/2021,13.8,67.1,43.78,64.4,beans,FALSE,97.1
129,6/25/2020,28.1,61.5,134.34,52.7,tomatoes,TRUE,34.4
130,05/10/2020,20.9,94.7,416.45,9.1,beans,FALSE,77.9
131,10/15/2020,9,17.7,494.42,12.6,tomatoes,TRUE,20.6
132,02/11/2020,20.3,78.2,118.9,71.9,maize,TRUE,66.6
133,5/30/2020,19.8,19.2,84.38,22.2,maize,FALSE,46.8
134,09/11/2017,13.4,1.3,402.87,22.8,potatoes,FALSE,53.5
135,07/03/2019,19.7,80.6,263.92,13.9,tomatoes,TRUE,3.5
136,1/13/2018,13.2,4.1,326.47,65.9,tomatoes,FALSE,90.4
137,6/21/2019,24.9,17.8,358.1,41.1,potatoes,TRUE,5.3
138,10/18/2020,16,37.4,361.67,65.3,maize,TRUE,73.3
139,5/29/2018,-8.9,13.9,353.08,62.4,tomatoes,TRUE,9.5
140,7/16/2021,13.5,56.6,202.46,8.2,potatoes,FALSE,88.2
141,09/07/2019,-1.7,37.2,470.51,50.5,tomatoes,FALSE,13
142,6/20/2018,14.3,39.8,171.91,72.1,potatoes,TRUE,55.3
143,11/17/2017,23.2,70.9,267.99,43.4,beans,FALSE,5.8
144,08/06/2017,39.1,82.3,330.14,60.5,wheat,FALSE,19.4
145,12/14/2022,33.7,68.6,59.4,60.9,wheat,TRUE,85.9
146,6/28/2022,35.8,53.3,261.07,50.4,potatoes,FALSE,89.6
147,3/31/2020,5,10.6,499.56,61.1,potatoes,TRUE,45.4
148,04/05/2020,6.4,85,476.77,86,beans,TRUE,79.8
149,04/07/2021,6.4,14.3,332.66,96.6,wheat,FALSE,63.6
150,11/04/2021,25.6,43.7,308.92,12.2,beans,FALSE,51.3
151,2/27/2017,12.2,50.1,331.96,89.3,potatoes,FALSE,59.9
152,12/10/2019,-3.1,42.2,89.07,72.8,beans,TRUE,88.6
153,7/26/2020,7.3,43.9,208.83,39.4,tomatoes,FALSE,65.4
154,03/01/2022,34,4.5,279.18,6.6,beans,TRUE,10.5
155,08/12/2021,20,85,101.7,58.9,potatoes,TRUE,78.8
156,08/01/2020,27.2,1.6,157.03,84.5,beans,FALSE,48.8
157,7/14/2021,16.4,81,281.76,7,potatoes,FALSE,83.7
158,11/07/2021,29.1,25.6,48.42,15.4,beans,TRUE,22
159,3/21/2022,8.5,43.3,204.42,9.4,wheat,FALSE,35.6
160,3/28/2018,3.7,57.6,247.9,70.2,potatoes,FALSE,75.6
161,10/19/2018,9.4,13.8,188.12,41.3,wheat,TRUE,32.6
162,3/20/2017,13.3,0.9,27.03,86.8,maize,FALSE,10.1
163,08/12/2020,31.7,37.5,472.54,19.8,wheat,FALSE,15.5
164,08/09/2020,2.3,63.9,395.59,22.3,potatoes,TRUE,17.2
165,12/28/2019,23.8,33.9,108.59,23.5,maize,TRUE,62.4
166,08/12/2022,15.7,62.3,433.82,38.9,potatoes,TRUE,89.6
167,05/05/2021,-4.3,64,381.75,78.3,wheat,FALSE,9.8
168,9/20/2022,6.1,32.1,444.64,79.3,beans,FALSE,81
169,1/18/2020,26.1,94.4,393.55,45.4,maize,TRUE,52.3
170,10/16/2022,12.5,79.4,258.07,96.6,beans,TRUE,97
171,6/17/2017,17,8,127.43,57.6,wheat,TRUE,97.7
172,4/14/2020,35.3,29.2,70.81,4.5,maize,FALSE,12.9
173,12/15/2022,15.3,75.7,118.36,22.1,potatoes,FALSE,91.9
174,02/11/2019,33.9,44.4,202.3,76.7,potatoes,TRUE,9.3
175,05/05/2022,27.4,6.1,412.34,24.4,maize,TRUE,78.2
176,6/20/2021,13.4,61.4,440.51,42.4,potatoes,FALSE,68.5
177,08/12/2021,18.6,70.7,429.14,14.8,wheat,TRUE,20.4
178,10/27/2018,1.8,37.1,165.83,28.1,potatoes,FALSE,14.3
179,11/13/2018,-2.1,9.8,412.34,67.1,tomatoes,FALSE,87.8
180,4/20/2017,25.4,54.6,289.46,73.3,maize,TRUE,98.1
181,01/05/2021,-6.9,71.1,27.15,4,wheat,TRUE,72.1
182,12/10/2018,-2.5,52.4,430.02,89.3,potatoes,TRUE,37.6
183,1/30/2019,-7.3,42.2,346.77,28.8,maize,TRUE,85.7
184,10/12/2021,14.5,65.5,202.7,70.9,wheat,FALSE,12.9
185,01/09/2020,3.8,15.4,220.13,87.1,tomatoes,FALSE,79.9
186,4/18/2019,24.7,98.2,197.45,64.9,wheat,FALSE,48.8
187,10/04/2021,30.8,80.2,376.71,17.6,maize,FALSE,20.9
188,10/20/2019,26.3,53.3,60.04,73.2,maize,FALSE,4
189,08/11/2018,1.2,24.6,457.75,97.1,tomatoes,TRUE,84.8
190,5/14/2019,9.4,12.3,45.92,5.1,maize,TRUE,90.6
191,12/04/2017,-3,22.9,147.86,42.3,tomatoes,FALSE,49.9
192,08/04/2020,36.9,88.2,162.76,74,beans,TRUE,17.9
193,7/29/2022,11.2,22,368.21,89.9,potatoes,TRUE,77.1
194,10/18/2021,26.2,21.7,439.59,42.5,wheat,TRUE,28.7
195,2/21/2017,6.3,92.6,17.9,68.7,maize,FALSE,88
196,2/21/2019,-7.6,55.2,22.48,35.7,wheat,FALSE,84.5
197,4/21/2019,25.2,15.5,266.94,30.5,beans,FALSE,69.7
198,07/03/2017,30.8,87.4,346.92,55.8,wheat,TRUE,66
199,08/11/2022,36.3,88.6,274.17,96.9,beans,FALSE,67.3
200,01/11/2021,30.2,57.2,227.02,63.8,maize,FALSE,75.2
201,1/21/2020,4.1,54.3,474.06,85.1,potatoes,FALSE,18.3
202,10/20/2022,33.5,3.7,276.32,73.7,tomatoes,TRUE,90.7
203,5/23/2018,-5,24.3,364.48,79.4,wheat,TRUE,86.6
204,8/18/2021,7.5,93.8,344.99,61.5,potatoes,FALSE,97.4
205,10/12/2021,-3.6,33.3,353.87,73.5,maize,TRUE,90.6
206,09/08/2022,36.7,57.9,24.44,19.8,maize,FALSE,27.3
207,4/25/2017,25.7,86.1,232.64,69.1,wheat,TRUE,2.8
208,2/19/2017,28.3,30.9,475.9,79.5,maize,TRUE,57.3
209,02/04/2021,36.3,49.9,249.69,53,tomatoes,FALSE,33.9
210,12/16/2022,16.8,25.5,152.78,11.6,tomatoes,FALSE,88.6
211,7/13/2019,12.4,28.4,91.09,31.2,wheat,TRUE,9.2
212,10/01/2017,30.6,52.3,122.45,14.7,wheat,FALSE,12.9
213,2/15/2018,-10,49.7,342.45,0.2,beans,FALSE,52.9
214,9/22/2018,-4.4,47.2,116.53,50,wheat,FALSE,91.6
215,07/07/2021,2,65.5,219.76,11.6,beans,TRUE,84.1
216,6/15/2020,13.9,88,169.1,69.5,wheat,TRUE,53.2
217,7/19/2021,37.9,10.5,336.93,52.5,tomatoes,TRUE,17.3
218,5/29/2018,6.7,36.3,117.62,96.2,maize,TRUE,39.7
219,06/07/2021,10.4,10.8,104.29,91,tomatoes,TRUE,28.6
220,10/21/2018,6,42.5,379.72,27.6,wheat,TRUE,85.8
221,10/31/2017,32.6,59.9,468.28,52.2,beans,FALSE,42.4
222,05/01/2020,-5.5,35.6,77.35,51.7,wheat,TRUE,85.4
223,9/30/2018,31.6,29,167.93,68,beans,TRUE,96.1
224,8/30/2021,34.5,60.5,121.21,31.5,maize,TRUE,17.3
225,03/06/2021,9,49.6,123.65,25.8,tomatoes,TRUE,21.1
226,11/11/2018,-8.9,21.5,132.39,22.8,wheat,TRUE,14.3
227,10/13/2019,13,15.4,453.81,90.5,beans,FALSE,31.8
228,04/02/2022,5.1,11.7,480.1,26.9,maize,TRUE,83.3
229,1/13/2019,37.3,75.1,72.96,72.3,wheat,TRUE,79.3
230,11/11/2020,2.7,43.3,492.96,63.9,tomatoes,TRUE,69.6
231,08/08/2018,5.3,42.6,56.94,46.3,maize,TRUE,22.3
232,10/17/2019,-1.2,40.7,399.62,10.7,tomatoes,TRUE,38.1
233,03/10/2020,-2.3,89.9,359.72,33.1,maize,FALSE,27.3
234,06/03/2021,38.2,0.3,173.94,51.7,beans,FALSE,3.7
235,4/18/2022,12.6,40,480.65,1.2,beans,FALSE,5.3
236,09/09/2020,39.3,66.3,164.1,55.5,beans,FALSE,21.8
237,6/22/2021,8.3,0,186.5,6.1,maize,FALSE,2.4
238,10/12/2018,16.3,80.3,455.27,49.9,tomatoes,FALSE,66.2
239,1/15/2018,39.4,26.5,419.37,67.4,potatoes,TRUE,29.9
240,4/21/2019,-1.8,22.9,66.03,8.6,tomatoes,FALSE,62.3
241,05/09/2022,-0.6,43.1,186.19,25.3,beans,FALSE,77.6
242,9/17/2019,-9.5,22.2,242.49,90.9,maize,TRUE,35.1
243,6/17/2018,11,45.7,464.82,61.9,potatoes,TRUE,45.9
244,8/23/2018,-10,37.4,163.84,17.2,wheat,FALSE,78.9
245,10/29/2017,16.9,82.4,160.03,92.2,potatoes,TRUE,2.7
246,5/21/2021,14.4,98.4,16.91,76.5,maize,FALSE,60.6
247,11/22/2021,34.7,63.2,180.33,23.9,beans,TRUE,65.2
248,12/23/2022,-2.9,69.9,326.15,49.1,wheat,TRUE,71.1
249,8/30/2017,13.6,65.7,158.96,20,potatoes,TRUE,79.8
250,6/17/2017,32.8,92.2,224.29,54.2,maize,FALSE,97.9
251,1/28/2020,18.6,92.9,430.75,90.9,wheat,FALSE,81
252,11/03/2022,36.9,66.5,12.64,4.5,wheat,TRUE,9.5
253,08/10/2020,1.6,92.2,437.63,60.9,wheat,FALSE,44.7
254,9/28/2017,12.2,48.7,59.57,63,wheat,FALSE,93.1
255,5/19/2020,0.4,97.6,262.23,73.5,potatoes,TRUE,61
256,09/10/2018,21.3,35.8,430.18,23.4,maize,TRUE,26.6
257,12/09/2018,13.7,79.9,261.11,6.4,potatoes,FALSE,76.8
258,11/08/2017,30.7,35.6,294.22,96.6,tomatoes,FALSE,57.9
259,12/21/2021,24.4,74.1,159.5,80.3,maize,FALSE,54.7
260,3/17/2017,9.2,39.3,134.93,8.7,maize,FALSE,33
261,4/21/2018,14.4,93,366.33,9.4,wheat,FALSE,2.3
262,1/15/2018,11.9,74.9,115.71,71.4,potatoes,FALSE,91.2
263,10/02/2021,35.2,59.6,296.15,89.9,maize,TRUE,94.8
264,11/26/2022,38.9,36.9,288.53,3.9,beans,TRUE,96.5
265,03/10/2018,24.7,49.7,176.08,70.9,potatoes,TRUE,67.1
266,10/06/2022,1.7,75.7,360.29,18.5,beans,TRUE,70.2
267,01/06/2020,37.6,3.4,123.62,49.8,tomatoes,TRUE,14
268,11/25/2022,21.4,60,128.76,5.8,maize,FALSE,72.3
269,3/25/2018,29.7,6,111.88,96.2,maize,TRUE,54.6
270,10/03/2021,3.3,14.8,54.25,65.6,tomatoes,TRUE,51
271,2/18/2018,0.3,17.3,297.67,6.5,beans,FALSE,48.2
272,9/21/2022,6.7,35.1,221.7,80,wheat,TRUE,71.6
273,3/29/2018,-9.1,26.6,248.3,36.1,potatoes,FALSE,47
274,12/27/2022,22.4,3.2,331.88,28.2,potatoes,FALSE,78.9
275,11/25/2022,18,81,69.04,70.4,beans,FALSE,89.2
276,10/20/2019,5.7,31.9,326.27,20.8,wheat,FALSE,61.9
277,7/21/2020,38.5,97.9,430.46,81.8,beans,TRUE,10.5
278,04/05/2019,4.2,95.8,311.08,0.8,potatoes,FALSE,14.3
279,11/27/2021,2.9,44.8,88.84,61.3,potatoes,FALSE,93.4
280,8/25/2022,-7.4,58.3,266.39,30.3,maize,FALSE,12.8
281,9/18/2017,30.1,62.1,241.28,64.4,beans,FALSE,73.6
282,11/28/2022,-8.1,65.3,212.67,70.2,beans,FALSE,37.6
283,1/20/2022,2.4,11.4,4.68,54.5,potatoes,FALSE,17.4
284,8/25/2019,22.6,84,319.22,45.7,potatoes,TRUE,9.3
285,06/09/2022,24.7,30.3,157.29,0.4,tomatoes,TRUE,80.6
286,6/19/2021,7.1,34.8,455.33,10.5,wheat,TRUE,59.8
287,12/14/2017,14.7,71.5,228.74,49.8,tomatoes,TRUE,50.7
288,12/10/2022,29.3,26,470.57,33,potatoes,FALSE,42.8
289,6/24/2019,15.6,32.3,121.37,89.9,maize,FALSE,72.7
290,8/24/2021,13.3,43.6,495.94,22.2,maize,FALSE,4.4
291,07/10/2018,-8.6,97.3,76.62,90.9,potatoes,FALSE,11.3
292,05/10/2022,34.1,83.3,44.54,10.6,potatoes,TRUE,28.3
293,8/23/2021,18.9,64.6,127.1,1.8,wheat,TRUE,68.3
294,03/03/2022,28.8,83,368.65,51.3,beans,FALSE,13.9
295,6/25/2019,38.1,51.6,352.14,62.6,tomatoes,TRUE,82.6
296,06/02/2021,19.1,3.3,213.36,81.1,beans,FALSE,4.5
297,11/09/2022,11.8,73,443.91,28.1,beans,TRUE,79.2
298,12/12/2021,19.1,91.5,161.34,45,maize,TRUE,89.1
299,12/05/2021,22.1,46.5,19.07,14.1,beans,TRUE,62.7
300,12/07/2018,-5,88,174.72,43.9,wheat,TRUE,87
301,09/08/2018,0.1,8.2,116.78,53.7,tomatoes,TRUE,97.6
302,6/21/2022,16,15.3,219.83,64.5,wheat,FALSE,36.3
303,8/20/2021,-4.8,71.9,459.21,11,wheat,TRUE,3.9
304,07/04/2017,2,64.4,62.85,49.4,maize,FALSE,89.6
305,4/14/2017,4.5,47.8,310.46,91,maize,FALSE,12.3
306,3/24/2018,20.7,52.9,365.33,4.5,wheat,FALSE,7.6
307,12/26/2017,21.3,27.1,100.53,61.4,potatoes,FALSE,69.1
308,3/28/2018,3.3,43.9,147.22,33.4,wheat,FALSE,16.8
309,4/25/2020,35,38.2,270.54,97.9,potatoes,FALSE,59.1
310,11/19/2017,-3.6,44.7,418.77,14.9,beans,TRUE,11.4
311,4/20/2019,6.6,80,214.37,6.7,wheat,TRUE,74.6
312,11/04/2021,9.5,68.8,218.09,61.5,maize,FALSE,87.8
313,10/24/2017,24.7,83.9,7.02,0.5,maize,TRUE,45.5
314,8/30/2020,8.4,40.1,235.82,30.1,beans,TRUE,24.7
315,2/22/2022,0.2,94.2,329.69,66.1,tomatoes,TRUE,30.8
316,08/12/2019,3.6,46.6,315.29,81.9,tomatoes,TRUE,37.3
317,09/05/2019,29.5,43.6,54.52,82.7,beans,FALSE,38.3
318,05/02/2021,6.4,48.4,28.93,71.6,potatoes,TRUE,24.2
319,06/08/2022,39.3,75.6,19.98,31.9,potatoes,TRUE,42.9
320,05/04/2018,-4.4,16.3,447.99,94.3,tomatoes,FALSE,94.6
321,2/22/2017,-1.5,46.5,52.56,83.1,potatoes,TRUE,88.4
322,04/09/2022,-8.6,85.8,382.68,60.1,potatoes,FALSE,57
323,1/22/2017,10,13.5,414.03,84.8,potatoes,TRUE,4.3
324,3/13/2020,11.3,74,311.73,13.6,maize,TRUE,8.5
325,10/30/2020,34.4,91.2,38.23,37.5,tomatoes,FALSE,75.1
326,6/23/2017,-7.8,6.8,126.77,63.9,wheat,TRUE,91.5
327,7/28/2020,12.9,24.6,395.65,15.4,potatoes,FALSE,96.1
328,8/23/2018,-4.4,66.4,15.74,45.1,beans,FALSE,13.5
329,8/24/2022,18.3,49.6,50.33,85.6,beans,FALSE,6
330,04/11/2018,32,44,406.9,15.2,potatoes,TRUE,79.1
331,5/13/2017,30.1,14.5,170.22,42.9,potatoes,FALSE,2.9
332,02/05/2019,27.2,34.9,116.17,83.5,maize,FALSE,19.1
333,6/30/2020,14.7,79,74.59,22.3,tomatoes,FALSE,84
334,05/06/2019,10.7,41.2,31.01,74.5,potatoes,TRUE,45.2
335,1/29/2019,16.9,50.7,13.64,11,maize,FALSE,28.7
336,09/09/2021,2.8,19.8,310.59,53.8,wheat,TRUE,51.3
337,07/06/2020,-5.2,35.9,115.03,91.1,wheat,TRUE,31.8
338,11/29/2020,-5,67.8,291.46,75.1,maize,TRUE,45.5
339,7/23/2017,11.6,42,109.23,57,maize,TRUE,89.6
340,7/14/2021,36.3,0.6,493.26,93.4,maize,FALSE,50.8
341,8/26/2021,-7,6.9,481.03,3.8,wheat,FALSE,81
342,11/07/2022,8,16.6,458.69,99.3,potatoes,TRUE,15.5
343,4/20/2019,10.9,86.9,450.74,13.9,potatoes,TRUE,55.9
344,4/15/2018,31.1,36.1,265.86,11.7,wheat,FALSE,55.6
345,5/14/2022,22,21.1,331.09,2.3,potatoes,TRUE,13
346,11/17/2020,20.7,77.2,133.57,5.3,wheat,FALSE,20.7
347,11/19/2022,20.7,77.3,58.58,39,maize,TRUE,3
348,6/25/2020,-9.8,85.5,476.28,19.6,maize,TRUE,70
349,07/02/2017,23.3,99.5,31.22,24.8,maize,TRUE,92.6
350,10/28/2022,10.5,78.4,494.51,32.6,beans,TRUE,78.4
351,12/05/2017,33.6,47.2,70.48,62.8,beans,FALSE,1.4
352,12/14/2017,22.7,17.9,157.1,0.9,maize,FALSE,23.7
353,02/12/2022,9.1,98.9,53.9,49.1,maize,TRUE,30.4
354,4/29/2021,28.2,89.9,306.75,34.2,tomatoes,FALSE,61.8
355,06/05/2018,19,43,294.92,98.5,wheat,FALSE,30.1
356,4/24/2018,26.6,8.3,221.24,80.5,beans,FALSE,26.4
357,01/01/2021,34,64.8,311.59,27,potatoes,TRUE,71.5
358,10/26/2021,-5.2,40.2,408.72,5.8,beans,TRUE,60.7
359,3/22/2019,0.4,7.3,295.93,41.7,potatoes,FALSE,63.2
360,3/24/2022,36.6,8.8,275.21,31.4,potatoes,TRUE,31.8
361,08/02/2020,31.6,88.1,369.04,80.2,potatoes,FALSE,38.2
362,3/25/2022,14.4,87.3,182.21,30.4,beans,TRUE,92.3
363,09/06/2021,24.8,67.6,291.67,60.9,tomatoes,FALSE,1.5
364,2/22/2017,-8.5,59.7,72.15,73.4,wheat,TRUE,95.5
365,12/10/2021,10.5,69.1,85.7,88.4,maize,FALSE,89.7
366,04/07/2019,16.9,75.9,323.66,45.9,potatoes,TRUE,13.7
367,4/24/2020,17.1,14.4,80.3,81,maize,TRUE,97.3
368,12/07/2018,10.7,26.9,260.25,51.7,maize,FALSE,79.5
369,4/28/2019,11.3,84.1,198.79,66.1,tomatoes,FALSE,27.5
370,6/25/2020,3.9,92.1,250.56,14.8,wheat,FALSE,17.8
371,01/05/2018,26.3,68.3,101.44,55.6,wheat,FALSE,40.8
372,03/02/2022,30.6,80.2,490.29,42.5,wheat,TRUE,94.9
373,12/05/2020,13.8,33.1,455.19,33.2,wheat,TRUE,10.1
374,02/12/2022,24.3,42.4,62.4,61.1,beans,FALSE,61.6
375,12/07/2021,7.6,97.7,80.59,85.2,potatoes,FALSE,7.9
376,04/07/2021,36.5,81.4,100.16,38.4,potatoes,FALSE,65.3
377,5/28/2019,-6.9,13.8,227.61,97.1,tomatoes,FALSE,88.7
378,4/16/2020,27,71.1,106.87,8.8,wheat,FALSE,54.2
379,4/24/2021,40,33.2,448.42,93.1,tomatoes,TRUE,42.2
380,5/22/2021,21.4,60.4,435.2,48.7,potatoes,FALSE,52.3
381,6/29/2022,20.4,39.5,257.58,64.6,wheat,TRUE,4.8
382,2/21/2017,-8.6,91.6,166.5,50.1,wheat,TRUE,26.3
383,1/13/2021,18.9,78.2,96.53,28.3,beans,TRUE,52.2
384,07/02/2018,36,25.8,264.56,9.2,wheat,TRUE,53.1
385,10/04/2022,0,62.4,459.77,97.7,potatoes,FALSE,41.2
386,10/02/2021,26.3,9.4,206.81,92.1,wheat,FALSE,16.1
387,5/18/2022,0,33.7,359.28,55.1,wheat,TRUE,8.4
388,1/26/2020,12.7,36.1,398.8,13.5,wheat,FALSE,14.6
389,01/11/2018,2.4,99,352.57,33.8,wheat,FALSE,22.6
390,2/23/2018,6.3,45.1,191.44,61.2,potatoes,FALSE,30.9
391,02/06/2018,5.2,35,214.37,51.5,potatoes,FALSE,17.2
392,02/05/2021,9,19.9,242.81,63,beans,TRUE,48.5
393,4/25/2017,-0.1,43.7,478.88,95.4,potatoes,FALSE,44.3
394,4/20/2018,14.9,1.6,58.77,96.5,maize,FALSE,98.6
395,6/27/2019,24.3,26.4,162.09,74.3,wheat,FALSE,44.8
396,6/14/2018,38.5,27.1,387.8,99.6,beans,TRUE,15.2
397,04/05/2021,-5.2,42.8,78.74,24.6,maize,TRUE,16.9
398,9/15/2020,38.9,7.5,363.44,39.1,wheat,FALSE,43.8
399,01/02/2021,32.7,21.9,112.6,18.9,maize,TRUE,87.7
400,03/05/2017,30.8,76.4,117.42,18.3,potatoes,TRUE,22.4
401,12/12/2022,33.3,18.5,7.57,35.4,tomatoes,TRUE,55.4
402,12/19/2017,0.9,65,13.89,23.8,beans,FALSE,86.4
403,5/31/2018,36.8,73.2,174.96,66.8,beans,FALSE,11.1
404,6/16/2017,11.7,37.4,17.84,7.9,maize,TRUE,21.6
405,02/05/2019,21.6,95,477.49,56.2,maize,FALSE,43.3
406,8/30/2020,29,55.7,147.07,51.3,tomatoes,FALSE,60.4
407,10/01/2018,-2.7,88.3,165.47,30.8,tomatoes,FALSE,47.6
408,04/12/2017,28.2,43.3,93.53,0.9,maize,FALSE,68.3
409,1/18/2022,34.2,54.2,218.18,53.5,potatoes,TRUE,50.9
410,8/25/2022,18.7,90.9,8.57,33.1,potatoes,FALSE,21.2
411,12/03/2017,30.2,86.7,139.41,63.9,beans,TRUE,32.4
412,3/31/2022,7.6,46.4,281.17,61.8,wheat,FALSE,1.8
413,1/17/2018,33.6,48.1,328.34,0.2,beans,TRUE,47.4
414,6/27/2017,15.4,15.4,196.59,14,potatoes,FALSE,74.5
415,08/06/2018,37.2,95.6,171.84,95.8,tomatoes,TRUE,44.4
416,10/02/2020,12.4,64.8,330.98,66.6,tomatoes,TRUE,18.2
417,6/25/2022,-1.9,44.1,387.38,20.8,wheat,FALSE,5.7
418,11/16/2020,-3.1,13.2,88.54,58.7,tomatoes,FALSE,17.7
419,10/07/2022,37.3,73.7,86.68,93.3,tomatoes,FALSE,43
420,9/15/2019,23.8,46.6,200.29,72.1,beans,FALSE,41.7
421,11/01/2020,38.3,8.8,10.31,33.9,wheat,TRUE,17.1
422,1/20/2019,2.4,15.8,401.37,84,potatoes,TRUE,88.5
423,5/31/2019,7.5,15.3,74.61,34.1,beans,FALSE,28.1
424,12/26/2020,28.2,71.2,23.4,2.3,maize,FALSE,35.9
425,02/02/2019,4.9,35,137.38,53.2,tomatoes,TRUE,46.3
426,1/29/2018,38.6,47.4,344.88,82.7,potatoes,FALSE,46.3
427,10/03/2020,38.2,44,392.74,1.8,tomatoes,TRUE,7
428,08/12/2020,16.8,94.6,347.02,74.6,beans,FALSE,7.2
429,11/25/2021,18.4,6.4,216.21,82.8,potatoes,FALSE,70.8
430,4/14/2022,14.4,68.1,368.66,41.8,wheat,TRUE,69.1
431,1/16/2020,37.4,87.4,121.66,9.8,tomatoes,TRUE,83.4
432,11/11/2022,7.8,7.1,298.1,15.6,maize,FALSE,34.8
433,05/01/2019,10.6,55.6,253.71,74.8,wheat,TRUE,68.2
434,02/07/2019,39.2,51.9,457.56,18.8,tomatoes,TRUE,91.6
435,2/27/2022,17.5,14.1,410.79,6.8,tomatoes,FALSE,81.9
436,04/01/2019,19.6,53.5,24.89,55.5,potatoes,FALSE,79.2
437,07/05/2020,-1.9,62.5,392.95,12.4,tomatoes,TRUE,14.7
438,2/16/2017,36.1,14.8,27.87,90.9,beans,TRUE,75.4
439,03/05/2018,34.2,47,143.12,22.7,maize,TRUE,17.6
440,02/04/2019,13,34.6,107.82,58.3,potatoes,FALSE,1.6
441,05/05/2021,-3.5,24.4,133.58,50.3,potatoes,TRUE,86.2
442,2/19/2019,32.5,45.1,46.1,34.8,potatoes,TRUE,22.6
443,1/23/2017,9.5,47.1,43.6,68.2,tomatoes,FALSE,88.7
444,5/14/2018,-3.4,4.7,256.63,75.6,wheat,FALSE,56.8
445,7/27/2020,0.8,4.9,183.01,80.2,tomatoes,TRUE,82.9
446,03/01/2018,-8.7,96,140.6,22.8,tomatoes,TRUE,18.8
447,8/15/2019,-8,40.5,121.02,62.8,beans,FALSE,89.5
448,06/09/2021,1.3,44.2,481.36,79.8,tomatoes,TRUE,55.3
449,07/09/2022,-4.8,86.3,297.01,35.1,wheat,FALSE,28.5
450,4/14/2018,-9.9,47,207.05,39,tomatoes,TRUE,92.1
451,9/15/2021,8,22.8,62.1,4.1,potatoes,TRUE,41.8
452,4/17/2017,6.5,28.1,222.69,88.3,wheat,TRUE,75.5
453,8/22/2017,29.9,77.3,154.79,52.6,maize,TRUE,58.5
454,4/16/2017,24.8,25.5,430.4,91.3,wheat,TRUE,57.4
455,03/05/2021,29,89,480.87,75.5,wheat,FALSE,4.1
456,02/09/2021,26.6,39.1,321.65,8.7,beans,FALSE,86.5
457,09/02/2019,36,66.9,62.84,65.6,tomatoes,FALSE,11.5
458,12/18/2019,-0.8,24.6,477.02,30.4,beans,FALSE,54.5
459,7/23/2021,37.5,40.2,163.61,53.5,tomatoes,FALSE,13.8
460,4/15/2020,-6,40,92.34,36,beans,FALSE,24.7
461,3/15/2021,16.1,91.1,53.52,98,wheat,FALSE,88.3
462,10/21/2017,27.8,25,342.42,97.8,potatoes,FALSE,82.1
463,11/04/2019,12.9,82.6,82.53,26.5,beans,FALSE,9.2
464,1/20/2017,28.2,50.9,196.91,31,wheat,FALSE,10.8
465,05/04/2019,17.8,50.5,8.55,54.8,beans,TRUE,17.9
466,03/12/2022,34,26.9,199.98,19.7,potatoes,TRUE,56.7
467,06/03/2020,-7.2,48.4,185.44,88.2,potatoes,TRUE,99.3
468,05/08/2020,37.3,59.1,456.02,45,wheat,FALSE,54.4
469,9/29/2018,26.5,56.9,334.39,29.9,maize,FALSE,52
470,07/01/2020,-8.1,21,134.74,37.4,beans,TRUE,2.4
471,12/20/2020,-4.5,11.8,404.84,4.8,potatoes,TRUE,5.2
472,05/07/2019,13,85.5,260.94,80.3,wheat,FALSE,29.2
473,8/21/2017,20.8,45.4,436.31,54.7,tomatoes,TRUE,49.3
474,08/09/2017,28.2,49,342.74,90,wheat,FALSE,24.7
475,4/25/2020,10.7,74.9,237.77,92.4,maize,TRUE,73.8
476,05/09/2020,28.1,55.4,379.56,89.3,potatoes,FALSE,23.4
477,5/13/2019,26,61.7,408.32,76.5,potatoes,TRUE,93
478,3/13/2017,-5.9,4.7,287.01,91.3,tomatoes,TRUE,92.6
479,4/25/2022,4.4,41.6,430.84,62.9,maize,TRUE,67.8
480,5/20/2021,21.5,70.5,52.09,10,beans,TRUE,56.5
481,05/09/2017,-6.4,25.4,24.53,67.1,beans,FALSE,11.9
482,1/30/2020,20.7,42.6,441.71,43.5,potatoes,TRUE,12.6
483,1/24/2019,30.7,80.6,176.63,4.6,beans,TRUE,96.3
484,08/10/2022,32,28,40.62,52,wheat,TRUE,67.4
485,03/06/2017,-4.5,61.8,130.41,13.7,potatoes,FALSE,86.7
486,1/27/2021,36.8,50.7,496.32,77.9,tomatoes,FALSE,67.4
487,7/13/2019,19.4,64.8,417.03,90.7,wheat,FALSE,98
488,10/27/2017,17.4,77.8,376.49,39.2,beans,TRUE,80.8
489,6/23/2019,8.8,47,87.86,10.1,beans,FALSE,76.1
490,03/05/2021,28.9,72.6,67.7,60,maize,FALSE,76.7
491,8/27/2022,8,79.3,273.34,82.9,beans,FALSE,36.1
492,8/23/2020,-1.9,44.2,290.43,66.7,potatoes,FALSE,19.1
493,1/26/2021,6.7,74.5,100.67,26.4,maize,FALSE,72.1
494,1/15/2018,31.1,11.2,230.89,40.8,wheat,FALSE,43.6
495,09/05/2021,39.3,90.8,324.76,78,potatoes,FALSE,14.6
496,03/10/2021,16.5,40.5,19.02,91.5,wheat,TRUE,38.3
497,02/09/2022,33,18.1,83.23,10.9,tomatoes,TRUE,55.3
498,12/10/2020,30.2,28.7,85.24,12.2,potatoes,FALSE,87.1
499,2/20/2022,12,38,239.83,66.4,wheat,TRUE,78.8
500,1/16/2021,-7.4,34.1,150.64,1,tomatoes,TRUE,38.5
501,12/18/2022,1.4,68.3,182.51,68,beans,FALSE,63.3
502,4/24/2017,-6.2,20.6,85.62,52,tomatoes,TRUE,78
503,02/12/2020,37.2,75.3,208.06,93.3,maize,TRUE,76.1
504,08/09/2021,-5.8,20.5,321.47,24,beans,TRUE,68
505,9/13/2022,18.1,72.5,28.19,1.3,wheat,FALSE,10.6
506,10/21/2020,40,36.3,52.57,83.8,potatoes,TRUE,60.8
507,4/18/2020,-0.1,77.4,122.18,13.5,potatoes,TRUE,91.5
508,12/07/2022,19.9,34.7,415.79,43.4,potatoes,TRUE,36.4
509,5/19/2018,33.9,43.6,108.35,50.5,tomatoes,FALSE,12.4
510,1/26/2022,23.7,99.6,370.16,61.7,wheat,TRUE,90.2
511,12/04/2017,10.1,0.4,255.49,9.6,beans,FALSE,71.6
512,03/01/2019,-0.1,13.6,174.97,70.8,beans,FALSE,3.2
513,11/04/2019,-0.6,39.8,319.49,27.8,maize,TRUE,66.6
514,02/06/2022,20.1,98.4,243.06,81.3,potatoes,FALSE,34.4
515,09/09/2022,34.6,82.3,309.56,64.3,wheat,FALSE,54.9
516,11/23/2018,14.2,47,415.95,4.3,tomatoes,TRUE,65.7
517,1/13/2020,35.6,48.2,436.4,82.8,potatoes,FALSE,90.7
518,01/07/2020,39.9,24.1,321.13,4.5,wheat,FALSE,53.9
519,03/06/2021,15.9,74.1,135.17,61.6,tomatoes,FALSE,74.5
520,5/19/2020,-7.9,5,498.14,32.5,maize,FALSE,75.2
521,10/24/2017,4.8,68.9,139.34,51.4,maize,TRUE,23.9
522,3/27/2021,20.7,70.3,245.8,16.5,potatoes,FALSE,61.8
523,08/09/2021,36.3,60.7,423.52,56.5,wheat,FALSE,44.3
524,4/20/2020,17.9,58.4,341.84,1.3,beans,FALSE,97.1
525,08/11/2021,33.6,18.3,19.97,13.7,wheat,TRUE,88.8
526,4/20/2021,8,35.7,379.66,89.9,tomatoes,TRUE,87.1
527,12/19/2021,5.5,37.5,469.18,56.9,maize,FALSE,36.5
528,12/16/2021,17.4,94.5,496.83,69.3,maize,TRUE,85.4
529,9/26/2020,11.2,26,457.42,48.1,potatoes,FALSE,74.5
530,04/12/2017,12.6,41,113.62,34.5,wheat,TRUE,18.4
531,08/09/2018,22.7,39.2,262.01,49.6,potatoes,FALSE,37.4
532,2/27/2017,24.7,62.2,378.37,2.5,maize,TRUE,11.1
533,8/29/2019,10,3.3,487.55,58.2,potatoes,FALSE,62.2
534,07/05/2018,31.5,75.1,137.71,59.6,wheat,TRUE,32.4
535,9/20/2017,27.6,72.7,499.53,48.2,maize,FALSE,40.3
536,03/07/2019,11.3,91.9,212.97,26.8,maize,TRUE,75.9
537,02/01/2019,16.8,58.9,151.7,77.3,potatoes,TRUE,16.1
538,02/06/2022,17.1,42.7,399.1,24.4,beans,TRUE,80.4
539,12/03/2017,23.5,92,298.17,38.4,potatoes,FALSE,36.3
540,08/11/2017,37.6,89.6,122.75,53.3,maize,TRUE,3.4
541,8/29/2022,39,77.8,403.4,59.2,tomatoes,FALSE,48.6
542,09/07/2017,35.2,1.1,33.11,79.1,potatoes,TRUE,53
543,10/03/2019,18.5,43,79.83,63.1,wheat,FALSE,83.8
544,8/31/2020,17.5,23.7,442.23,88.4,wheat,TRUE,47.5
545,11/06/2020,11.6,85.3,376.92,64.2,potatoes,FALSE,62
546,1/27/2018,13.5,84.6,499.07,17.2,wheat,TRUE,37.1
547,11/01/2022,35.7,35.9,496.42,6.4,maize,TRUE,67.2
548,11/13/2022,38.4,56.3,246.66,6.7,maize,FALSE,24.4
549,12/25/2019,-5.4,44.8,126.03,13.7,beans,FALSE,24.2
550,9/15/2022,0,18.7,91.95,82.1,wheat,FALSE,12.9
551,4/26/2019,37.5,14.2,326.94,7.2,potatoes,TRUE,85.8
552,10/16/2019,1.3,81.8,411.49,85.3,potatoes,FALSE,65.4
553,11/27/2019,27.3,43.9,401.23,67,wheat,FALSE,57.2
554,5/24/2022,-2.4,9.5,363.34,98.9,beans,FALSE,75.2
555,10/18/2021,37.6,88.3,393.09,66.5,tomatoes,FALSE,81.7
556,6/29/2021,3.5,79.3,26.19,62.1,beans,FALSE,76
557,9/13/2020,8.2,3.9,18.61,94.8,wheat,TRUE,11.9
558,02/08/2020,13.1,52.9,242.36,57.6,beans,TRUE,59.5
559,7/15/2019,37.3,79.1,134.64,60.3,maize,TRUE,26.9
560,2/20/2020,23.6,36.4,104.07,72,maize,TRUE,94.8
561,2/16/2022,23,26,183.04,3.1,potatoes,FALSE,84.7
562,05/10/2021,29.3,64.3,448.72,62.9,beans,FALSE,99.7
563,06/04/2019,11.2,58.8,340.96,87,potatoes,FALSE,10.1
564,2/17/2019,10,20.2,188.36,1.1,potatoes,TRUE,25.1
565,08/10/2021,9.2,53.2,307.19,15.1,beans,TRUE,71.1
566,3/22/2021,39.9,76.4,184.21,93.5,maize,TRUE,46.7
567,2/25/2017,14.6,79.9,264.9,63.2,wheat,TRUE,51.3
568,9/19/2020,27.4,68.3,59.21,23.5,wheat,TRUE,69.9
569,03/12/2017,-9.7,39.8,4.87,20.1,potatoes,TRUE,38.4
570,11/28/2022,2.9,69.2,334.63,59.4,beans,TRUE,31.3
571,2/23/2021,4.2,89.8,314.64,46.8,tomatoes,TRUE,60.5
572,5/23/2022,15.1,33.5,142.33,81.2,potatoes,FALSE,27.5
573,6/18/2018,3.5,27,12.62,39.6,tomatoes,TRUE,55.2
574,11/07/2022,26.3,14.6,329.74,68.5,wheat,TRUE,23.3
575,04/05/2020,-6.2,45.4,473.39,39.5,wheat,FALSE,56.4
576,11/05/2017,1.4,16.3,430.7,50.6,maize,TRUE,9.6
577,12/17/2019,29.4,80.8,199.85,55.7,potatoes,TRUE,29.8
578,8/29/2018,6.2,16.2,13.37,61.2,tomatoes,TRUE,5.1
579,11/02/2021,20.5,48.2,60.94,46.3,tomatoes,TRUE,37.1
580,09/02/2018,-9.1,69.9,303.11,36.2,potatoes,FALSE,92.6
581,09/04/2019,35,84.4,20.39,15.8,wheat,FALSE,46.6
582,02/06/2018,26.7,26.4,32.63,20.4,tomatoes,FALSE,92.5
583,12/02/2017,15.1,75.7,225.67,67.2,beans,TRUE,53.6
584,5/31/2017,23.8,60.7,382.33,53.3,potatoes,TRUE,65
585,6/23/2022,35.4,75,167.28,85.8,maize,TRUE,80.6
586,11/26/2020,32.5,33,115.06,48.6,maize,FALSE,43.1
587,9/28/2020,29.4,50.2,406.74,1.1,wheat,TRUE,89.9
588,8/24/2019,29.2,11.9,171.86,67.5,maize,FALSE,60.9
589,11/20/2017,15.5,83.9,336.09,73.2,tomatoes,TRUE,29.1
590,11/10/2019,1.9,34.2,453.04,83.8,maize,TRUE,27.8
591,10/01/2019,35.1,77.5,486.89,72.6,tomatoes,TRUE,87
592,04/08/2021,26.9,77.8,44.5,10.1,maize,TRUE,40.9
593,8/21/2020,18.8,56.5,368.7,30,maize,FALSE,75.9
594,1/14/2022,3.5,30.3,85.5,30.7,tomatoes,TRUE,29.4
595,5/30/2019,19.7,32.4,107.46,87.6,potatoes,FALSE,53.7
596,1/21/2022,23.6,40.6,398.11,30.8,tomatoes,FALSE,28.7
597,6/22/2022,3.3,90.4,414.72,28.9,beans,TRUE,17.9
598,07/08/2018,-7.9,83.7,418.35,14.8,wheat,TRUE,95.7
599,10/11/2020,15.6,7.5,451.67,39.9,tomatoes,FALSE,10.9
600,05/02/2020,23.4,38.3,293.26,95.8,maize,TRUE,83.3
601,9/15/2018,-4.2,36.1,26.99,25,potatoes,TRUE,95.7
602,08/05/2019,-3.7,50.6,464.6,47.8,potatoes,TRUE,8.1
603,1/23/2021,30.1,33.9,225.04,51.9,tomatoes,FALSE,27.1
604,7/29/2018,7.5,86.3,159.4,99.3,beans,TRUE,35.4
605,03/04/2020,24.8,52.9,192.2,35,tomatoes,FALSE,73.7
606,10/01/2020,7,28.3,346.88,55.1,beans,TRUE,50.9
607,1/26/2022,3.4,74,50.89,58.6,potatoes,FALSE,42.2
608,5/16/2019,13.5,40.1,99.07,20.3,tomatoes,FALSE,45.5
609,1/20/2019,24.6,66.6,491.97,77.4,tomatoes,FALSE,46.4
610,7/30/2022,36.2,0.1,157.25,29.6,potatoes,TRUE,9
611,06/12/2020,32.1,19.3,203.83,40,potatoes,FALSE,70.1
612,12/04/2022,27.7,57.8,327.78,98.2,tomatoes,TRUE,96.1
613,10/28/2017,14.8,99.9,24.12,8.7,potatoes,FALSE,89.3
614,12/29/2020,9.7,54.2,2.6,25.4,wheat,FALSE,5.5
615,10/27/2021,18,24.4,79.32,40.2,beans,FALSE,97
616,8/31/2017,27.7,26.3,106.83,75.3,wheat,TRUE,95
617,5/25/2022,36.9,19,273.01,3.2,maize,FALSE,82.4
618,11/09/2018,11.4,36.5,396.96,48.8,wheat,TRUE,68.4
619,04/02/2018,27.9,93.2,244.77,59.9,beans,FALSE,49.4
620,1/28/2017,25.9,53.1,257.48,14.5,beans,FALSE,61.2
621,6/25/2019,-6.9,35.1,495.6,1.5,wheat,FALSE,15.9
622,11/27/2021,8,60.5,139.73,5.9,wheat,TRUE,4.1
623,06/05/2021,14.7,20.6,189.78,69.8,wheat,TRUE,15
624,06/06/2020,23,0.8,396.85,59,potatoes,TRUE,15.6
625,9/22/2017,-7.9,51.7,166.89,58.2,beans,TRUE,7.1
626,4/22/2020,37.8,99.8,63.37,81.7,potatoes,FALSE,43.6
627,08/12/2020,-8.9,58.5,416.29,52.7,tomatoes,FALSE,49.1
628,12/25/2018,2.6,69.4,242.17,32.6,maize,TRUE,7.3
629,8/23/2018,33.1,96.7,181.54,56.8,maize,FALSE,93.8
630,4/18/2018,8.9,64.4,80.57,86.1,potatoes,TRUE,35.3
631,9/18/2018,-9.8,72.4,185.13,66.1,wheat,TRUE,9
632,10/15/2018,29.9,78,288.73,17.1,wheat,FALSE,9.6
633,12/01/2017,-4.8,80.3,246.93,93.2,beans,FALSE,13.8
634,7/15/2022,1.6,92.5,238.66,82.1,potatoes,TRUE,3.9
635,1/28/2019,36.9,82.5,441.75,27.5,maize,FALSE,69.6
636,6/27/2022,-8.2,27.6,167.74,94.2,beans,FALSE,95.7
637,7/24/2021,14.3,61.6,108.18,58.7,tomatoes,TRUE,76.2
638,1/30/2020,14.2,42.7,76.82,81.8,wheat,TRUE,66.1
639,12/30/2019,4.3,61,484.35,74.9,wheat,FALSE,82.1
640,01/04/2020,23.9,9.6,314.71,64.6,beans,TRUE,64.3
641,10/16/2018,-1.3,66.7,88.41,85.6,maize,FALSE,85.8
642,03/09/2019,13.3,44,498.97,34,tomatoes,FALSE,81.1
643,10/04/2018,-0.3,3.9,140.71,89.1,maize,TRUE,96.4
644,12/25/2021,16.1,38.2,292.15,15.2,potatoes,FALSE,71.3
645,10/28/2020,18.5,99.1,360.26,14,tomatoes,TRUE,38.1
646,12/31/2021,28.4,2.6,115.65,67.1,potatoes,TRUE,21
647,05/08/2017,2,7,264.38,34.1,maize,TRUE,96
648,11/22/2017,16.7,84.4,415.58,60.4,maize,TRUE,11.1
649,9/29/2017,-7.5,23,264.08,1.1,beans,FALSE,82.9
650,3/28/2018,9.3,58.7,484.68,71.1,potatoes,TRUE,31.6
651,01/04/2022,21.2,36.1,105.01,64.1,maize,FALSE,30.8
652,05/10/2019,10.8,57.9,395.55,5,potatoes,TRUE,35.4
653,8/26/2019,19.9,40.7,25.85,35.7,maize,FALSE,71.3
654,7/24/2019,26.1,67,375.51,86.6,maize,TRUE,87.3
655,12/07/2019,-7.4,24.9,219.77,98,potatoes,FALSE,14
656,4/21/2020,36.9,96.8,288.73,81.3,beans,TRUE,20
657,3/14/2017,17,31.3,223.78,67.9,beans,FALSE,89.9
658,10/31/2022,-0.8,57.6,367.67,67.4,potatoes,FALSE,4.3
659,5/20/2017,13.2,66,460.75,59.5,beans,FALSE,59
660,8/29/2019,30.1,24.1,26.98,74.1,wheat,TRUE,89.1
661,11/17/2022,-2.3,23.9,426.37,67.8,beans,TRUE,12.8
662,04/05/2021,10.1,70.7,305.13,79,tomatoes,TRUE,41.2
663,8/30/2017,-9.2,26.5,472.19,11.3,potatoes,TRUE,17.3
664,07/05/2020,35.1,99.7,109.8,75.8,maize,FALSE,16.8
665,07/10/2017,36.1,47.2,66.9,98.5,wheat,TRUE,61.6
666,10/27/2020,-2.6,71.1,338.15,89.7,beans,TRUE,48.9
667,12/13/2022,16,90.6,202.12,52.4,tomatoes,FALSE,34.8
668,02/04/2019,-5.2,4.5,482.02,9.7,maize,TRUE,3.7
669,04/06/2021,-3.2,48.4,264.21,22.3,beans,FALSE,92.3
670,10/10/2022,-8.5,79.4,442.94,35.5,potatoes,FALSE,55.1
671,12/24/2022,4.9,61.9,10.74,3.7,tomatoes,TRUE,30.8
672,7/26/2020,21.4,25.6,164.56,74.2,maize,FALSE,65.7
673,10/20/2022,1.7,81.8,37.48,74.5,tomatoes,TRUE,25.3
674,10/04/2018,4.7,33.1,24.25,13.1,tomatoes,TRUE,6.7
675,9/17/2022,3.7,19.9,139.09,98.8,maize,TRUE,10.9
676,10/06/2019,36.7,55.6,410.88,28.4,wheat,TRUE,52.5
677,5/27/2021,-6.5,65.3,141.12,99.3,tomatoes,FALSE,60.8
678,12/14/2020,8.5,52.6,292.01,81.1,beans,FALSE,93.4
679,1/16/2022,28.2,40,180.44,85.5,beans,FALSE,66.1
680,4/17/2019,11.6,21.5,46.15,66.4,wheat,FALSE,30.4
681,4/27/2021,35.7,52.4,69.65,87.9,beans,TRUE,29
682,9/25/2020,12.5,5,52.71,16.5,beans,FALSE,57.3
683,04/02/2019,36.9,3.9,360.11,81.9,wheat,TRUE,50
684,9/19/2020,11.9,18.1,334.09,67,tomatoes,FALSE,85.7
685,3/16/2021,9.1,97.4,186.64,39.2,maize,FALSE,14.7
686,12/16/2021,-9.5,0.7,461.83,31.1,tomatoes,TRUE,25.9
687,2/28/2018,37.4,75.8,330.02,4.4,tomatoes,FALSE,4.2
688,06/11/2018,-5.5,28.3,147.5,77.6,potatoes,TRUE,91.5
689,6/14/2020,-3.7,89.3,38.85,24.6,tomatoes,FALSE,77.3
690,6/21/2017,7.4,21.8,70.7,4.2,potatoes,TRUE,94.7
691,9/26/2021,4.6,12.7,410.78,54.9,potatoes,FALSE,56.5
692,8/15/2022,22.6,7,64.84,64.3,beans,TRUE,75.4
693,6/27/2021,39.5,9.4,66.89,30.9,potatoes,FALSE,57.3
694,02/11/2017,14.7,34.9,51.19,72.5,beans,FALSE,97.3
695,04/02/2021,33.4,93.6,283.71,70.5,potatoes,FALSE,9
696,12/12/2022,18.5,6.5,31.63,78.2,potatoes,FALSE,92.3
697,3/21/2021,-2.2,26.4,234.39,14.9,wheat,FALSE,73.2
698,05/02/2021,19.5,23.4,470.93,36.5,tomatoes,TRUE,45
699,06/12/2017,-2.4,63.2,295.84,56,maize,FALSE,29
700,2/19/2021,33.7,74.4,168.59,48.3,tomatoes,TRUE,15.4
701,01/04/2017,-5,15.7,217.9,71.7,maize,FALSE,2.3
702,6/26/2019,27.5,92.4,286.81,24.5,beans,FALSE,12.7
703,2/17/2018,-4.8,28.1,492.66,19,potatoes,TRUE,88.7
704,06/12/2022,12.9,86.4,41.47,5,tomatoes,TRUE,25.7
705,7/31/2020,-9,46.7,428.79,18,tomatoes,FALSE,95.6
706,10/08/2018,11.4,26.3,224.28,71.9,beans,TRUE,46.2
707,04/06/2018,24.8,21.1,381.51,73.6,tomatoes,TRUE,53.6
708,9/20/2018,-2.9,38.2,131.19,50.4,beans,TRUE,6.5
709,12/23/2017,22,18.6,57.37,52,tomatoes,FALSE,24.3
710,10/20/2022,39.3,55.7,235.24,73.6,wheat,FALSE,74.5
711,10/02/2022,8,82.7,58.69,79.4,wheat,TRUE,38.8
712,09/08/2019,37.7,25.5,249.89,37,potatoes,FALSE,28.1
713,8/31/2022,-7.9,86.6,460.7,26.7,wheat,TRUE,20.3
714,1/29/2018,7.7,84.6,34.79,61.7,beans,TRUE,22.3
715,7/18/2021,30.1,98.6,243.41,73.5,maize,FALSE,96.7
716,7/21/2021,21.3,56.7,337.09,55,wheat,TRUE,90.9
717,10/22/2020,13.2,1.2,412.11,82.3,beans,FALSE,92.1
718,7/26/2019,37.5,95.5,14.32,59.4,wheat,TRUE,54
719,3/21/2020,15.1,47.4,373.95,34.3,maize,TRUE,99.1
720,10/02/2020,3.3,40.1,295.53,41.3,wheat,TRUE,84.3
721,04/06/2021,-2.9,63.2,332.4,14.5,wheat,TRUE,72.7
722,4/29/2020,29.2,34.8,233.9,93,tomatoes,TRUE,3
723,3/25/2022,-8.8,52.4,295.05,80.9,maize,TRUE,61.6
724,12/24/2019,14,79.5,104.63,8.2,wheat,FALSE,15
725,10/23/2022,-2.4,21.8,27.44,92.5,tomatoes,FALSE,46.9
726,08/11/2017,39.3,28.4,215.89,85.5,potatoes,FALSE,35.2
727,5/24/2017,-3.3,18.5,269.45,48.3,wheat,TRUE,80
728,07/02/2021,20.6,35.3,440.88,34.3,wheat,TRUE,31.8
729,9/19/2018,5.8,74.5,470.99,8.9,maize,FALSE,54.8
730,04/05/2017,30.5,81.3,37.06,64.9,potatoes,FALSE,14.1
731,11/22/2017,37.1,84.9,493.17,13.3,beans,TRUE,90.8
732,12/31/2020,-2.3,87.9,474.11,74.7,wheat,FALSE,72.6
733,03/05/2021,22.7,76.8,456.66,87.1,potatoes,FALSE,69.5
734,05/11/2020,-9.2,6.2,30.48,30.7,potatoes,TRUE,44.2
735,11/07/2022,29.4,52.2,392.22,64.5,tomatoes,FALSE,29.2
736,11/30/2018,13.7,51.7,85.37,11.9,potatoes,TRUE,24.2
737,08/10/2017,28.5,20.3,307.93,91.9,tomatoes,TRUE,26.1
738,8/27/2022,6,50,64.85,83.1,potatoes,FALSE,72.1
739,4/19/2022,6.4,92.4,375.91,28.6,potatoes,FALSE,69
740,4/25/2018,25.2,13.7,492.18,32,wheat,TRUE,56.2
741,03/10/2021,-7.7,30.1,405.56,14.4,maize,FALSE,14.4
742,08/04/2020,23.2,48.8,20.9,53.3,tomatoes,FALSE,67.6
743,5/18/2018,-6.6,9,493.41,7.4,tomatoes,TRUE,74.7
744,8/14/2019,11.6,46.6,186.24,24.1,tomatoes,FALSE,6.7
745,5/16/2020,9,80,196.07,43.8,beans,TRUE,63
746,1/15/2021,22.7,55,394.8,58.3,potatoes,TRUE,62.6
747,7/15/2018,31,89.4,228.78,17.4,beans,FALSE,26.2
748,6/13/2019,31.4,79.6,428.62,5.6,potatoes,TRUE,24.5
749,4/24/2017,31.9,35.9,51.02,5.8,potatoes,TRUE,12
750,2/20/2019,9.2,1.2,212.74,10.6,maize,FALSE,46.5
751,10/22/2022,21.2,26.1,428.93,27.1,tomatoes,FALSE,30.8
752,5/14/2020,10.7,51.9,111.47,99.5,beans,TRUE,19.2
753,12/21/2020,30.6,40,6.11,18.9,beans,FALSE,9.9
754,3/28/2021,14.6,43.2,418.05,37.7,potatoes,TRUE,88.3
755,08/07/2022,2.8,70.9,330.91,91.4,potatoes,FALSE,57.7
756,12/24/2021,32.1,37.1,27.58,61.8,beans,TRUE,7.7
757,8/19/2020,-3.5,28.5,297.58,49.9,wheat,TRUE,98.6
758,11/02/2022,-4.8,14.2,18.19,84.7,wheat,FALSE,51.9
759,9/28/2021,16.4,60.8,351.22,62.8,beans,TRUE,74.3
760,8/25/2018,23.4,58.2,259.86,18.4,maize,TRUE,90.8
761,11/01/2021,23.6,88.1,377.5,31.3,tomatoes,TRUE,62.9
762,11/30/2020,21.9,92.7,461.84,5.3,potatoes,FALSE,90.2
763,2/22/2022,2.2,30.9,471.94,3,maize,TRUE,4.7
764,4/26/2017,-1.8,17.1,343.36,19.8,beans,FALSE,1.1
765,4/14/2021,21.1,42.5,324.44,46.1,wheat,TRUE,15.5
766,8/29/2018,-0.5,78,165.8,39,wheat,TRUE,35
767,1/29/2020,-1.7,1.4,23.56,63.6,potatoes,TRUE,56.4
768,9/30/2019,21.4,96,499.69,23.2,tomatoes,FALSE,36
769,1/18/2019,5.9,16.7,197.83,29.7,tomatoes,TRUE,91.5
770,11/11/2021,35.6,25.7,409.6,46.1,potatoes,TRUE,10.7
771,01/08/2019,-5.5,75.5,98.13,42.8,beans,TRUE,84.1
772,04/05/2021,0.3,68,331.62,40.3,tomatoes,FALSE,51.8
773,9/24/2019,-3.3,76.2,147.82,75.2,beans,TRUE,72.6
774,09/08/2017,20.8,78.5,443.03,45.5,maize,FALSE,55.9
775,3/13/2018,39,51.9,209.31,48.2,tomatoes,FALSE,44.5
776,9/22/2022,19.9,5.3,156.07,85,wheat,TRUE,17.9
777,8/28/2019,22.4,82.3,492.86,98.5,wheat,TRUE,86.5
778,6/29/2018,7.3,88.4,474.87,18.8,potatoes,TRUE,5.5
779,5/30/2017,33.1,43.4,426.21,3.9,wheat,FALSE,56.1
780,10/04/2022,7.7,57.1,302.46,7.7,potatoes,TRUE,62.6
781,5/15/2018,21.4,57.5,99.68,35.5,tomatoes,TRUE,51
782,12/09/2021,16.3,59.9,131.31,10.2,tomatoes,FALSE,86.7
783,2/28/2019,38.6,80.8,399.82,51,maize,TRUE,41.8
784,5/16/2018,-3.5,39.3,167.3,72.9,maize,FALSE,83.4
785,7/20/2017,18.7,13.6,203.17,34.5,wheat,TRUE,42.3
786,01/05/2017,22.3,21.4,208.87,92.7,wheat,TRUE,30.9
787,9/16/2021,23.9,24.1,412.59,28.4,beans,FALSE,82.6
788,11/05/2018,24,88.1,366.39,78,tomatoes,TRUE,60.7
789,4/18/2020,-2.7,25.1,17.47,66.4,potatoes,TRUE,20.7
790,8/31/2022,4.1,32.1,20.89,85.3,potatoes,TRUE,86.2
791,5/18/2021,-0.9,11.9,251.39,76.5,beans,FALSE,30.7
792,10/30/2018,-3.5,55.9,281.08,81,beans,FALSE,90.6
793,11/05/2021,25.4,56.8,117.27,4.2,beans,FALSE,8
794,5/28/2019,35.3,48.6,269.09,47.3,potatoes,FALSE,42.3
795,10/29/2019,12.5,79.1,289.78,30.1,potatoes,FALSE,19.5
796,02/09/2020,-1,60.5,343.11,48.2,beans,FALSE,97.7
797,1/13/2020,17.2,51.6,23.38,60.6,potatoes,FALSE,30.7
798,05/10/2019,8.6,19,467.2,27.2,tomatoes,TRUE,18
799,5/16/2020,27.3,87.2,18.36,62.1,wheat,FALSE,78.5
800,2/18/2021,30.7,79.2,488.16,96,wheat,FALSE,69.4
801,2/19/2020,31.4,22.3,265.79,74.9,potatoes,FALSE,45.8
802,8/31/2020,22,3.9,186.49,77.1,maize,FALSE,69.9
803,3/21/2021,16,51.8,379.03,60,maize,FALSE,54.8
804,1/30/2019,-8.5,12.3,5.26,58.1,maize,TRUE,96.1
805,9/17/2022,15.2,31.3,227.59,7.6,wheat,TRUE,35.1
806,09/07/2021,34,4,19.46,62,maize,FALSE,96.5
807,11/11/2019,-2.4,57.8,231.22,8.4,maize,TRUE,32.7
808,12/27/2019,29.2,35,320.8,15.9,potatoes,TRUE,51.6
809,2/22/2018,-8.3,76,1.02,37.2,wheat,FALSE,89.5
810,06/05/2020,17.5,0.2,372.72,12.9,tomatoes,TRUE,69.5
811,9/17/2021,33.8,61.4,331.03,46.8,wheat,TRUE,1.6
812,08/08/2022,8.2,95.9,307.57,63.8,tomatoes,TRUE,0.5
813,12/25/2021,-4.2,37.8,471.99,9,potatoes,TRUE,23.6
814,02/01/2022,34.8,48.8,236.2,90.4,wheat,FALSE,90.1
815,09/10/2018,31.5,89.5,97.44,99.1,potatoes,TRUE,99.8
816,08/06/2021,22.9,46.3,160.17,77.2,beans,TRUE,30.8
817,6/18/2020,18.1,32.6,317.32,53.6,tomatoes,FALSE,33.2
818,6/28/2021,-9.9,88,25.92,70,wheat,FALSE,39.8
819,3/31/2021,1.9,62.2,117.44,66.9,tomatoes,FALSE,21.4
820,4/29/2022,0.7,79.8,283.89,3.5,maize,TRUE,82.1
821,01/10/2020,15.8,72.3,436.29,32.1,potatoes,FALSE,28.2
822,2/20/2017,7.4,55.1,374.18,9.7,beans,FALSE,30.5
823,12/13/2019,38.1,7.8,210.99,98.6,potatoes,TRUE,55.8
824,4/21/2019,33.1,56.3,497.08,38.6,maize,TRUE,97.2
825,12/28/2017,35.1,81.1,324.9,90.5,wheat,FALSE,2.3
826,11/26/2021,27.4,11.1,136.8,39.6,potatoes,FALSE,7.2
827,7/28/2018,21,88,52.57,69.9,potatoes,TRUE,8.5
828,4/13/2018,4,31.1,14.32,14.5,tomatoes,TRUE,86.7
829,5/27/2021,-3.9,91.2,317.2,59.6,wheat,FALSE,42.1
830,8/27/2022,8.6,50.2,457.27,83.2,potatoes,FALSE,57.4
831,12/31/2019,27.1,96.7,298.58,0.9,beans,FALSE,96
832,2/27/2019,24.6,91.4,419.77,55.8,maize,FALSE,75.6
833,7/17/2017,17.1,53,395.26,91.7,beans,FALSE,66
834,01/12/2021,15.4,84.9,408.4,54.3,maize,TRUE,51.4
835,09/11/2021,-9.8,59.5,331.9,68.2,tomatoes,TRUE,4.8
836,6/16/2020,8.7,13.1,86.84,92.9,beans,TRUE,32.7
837,12/08/2018,15.1,53.1,356.71,22,tomatoes,TRUE,49.4
838,01/06/2019,17.8,8.1,70.01,5.1,wheat,FALSE,35.2
839,1/30/2018,10.4,13.8,260.48,54.9,tomatoes,FALSE,56.1
840,05/09/2021,34.4,3.3,461.78,33.7,beans,FALSE,7.4
841,5/14/2017,1.1,27.5,328.18,17.3,beans,FALSE,85.9
842,04/10/2019,15.6,98.3,237.66,16.9,beans,TRUE,43.2
843,11/13/2022,29.7,82.5,26.9,79.6,tomatoes,FALSE,12.6
844,6/17/2020,14.5,22.7,444.39,43.3,tomatoes,TRUE,98.1
845,04/10/2021,-3,57.8,157.37,50.9,potatoes,FALSE,79.4
846,12/23/2021,13.1,61.1,418.15,3.6,wheat,FALSE,31.4
847,8/31/2017,18.5,83.2,350.51,56,potatoes,TRUE,8.3
848,05/07/2022,21.2,26.6,178.92,54.1,beans,FALSE,13.5
849,8/22/2020,-7.2,68.2,384.71,84.5,wheat,TRUE,57.6
850,02/10/2017,16.2,76.4,16.43,69.6,wheat,FALSE,21.2
851,08/04/2017,33.5,96.2,273.16,56,beans,FALSE,34.5
852,06/10/2018,34.3,25.9,464.29,44.1,beans,FALSE,80.3
853,3/28/2020,7.6,75.4,98.59,40.4,tomatoes,TRUE,6.1
854,11/26/2021,27.4,66.6,142.31,41.4,potatoes,FALSE,86.1
855,05/10/2020,4.5,1.5,388.85,46.3,potatoes,FALSE,25.1
856,12/03/2017,-0.6,57.7,281.22,42.8,beans,TRUE,44.6
857,2/17/2019,32,31.4,178.99,82.1,potatoes,TRUE,44.5
858,08/05/2018,30,84.8,433.92,24.7,beans,FALSE,13.3
859,04/01/2020,18.3,33.7,330.92,54,wheat,TRUE,84.5
860,1/22/2018,34,89.4,28.51,95.8,potatoes,FALSE,4.2
861,7/17/2021,11.4,27,415.64,61.7,tomatoes,TRUE,93.5
862,9/14/2017,-0.4,96.5,365.19,38.1,maize,TRUE,68.2
863,5/29/2017,33.9,11.5,85.11,1.3,beans,FALSE,9.9
864,4/27/2018,3.4,81.9,23.32,96.1,wheat,FALSE,70.9
865,4/20/2021,4.6,24.7,312.61,62.9,tomatoes,TRUE,95.5
866,8/15/2018,29.1,35.2,455.77,1.4,beans,TRUE,9.4
867,04/04/2022,22.8,35.6,151.08,75.8,wheat,FALSE,59.8
868,2/28/2018,-4.9,25.9,228.69,70.7,beans,FALSE,53.2
869,10/24/2022,3.9,57.8,426.71,29,maize,TRUE,10.9
870,9/22/2022,-6.1,29.5,131.38,84.2,wheat,TRUE,60.6
871,6/26/2017,-8.7,90.9,365.27,32.8,wheat,TRUE,36.4
872,7/22/2022,16.8,71.9,398.71,49,maize,FALSE,22.7
873,8/23/2017,1.8,54,177.12,52,wheat,TRUE,63.4
874,12/20/2022,24.1,55.4,189.17,74.3,beans,FALSE,11.2
875,12/28/2017,-3.5,31.9,496.74,67.7,maize,TRUE,80.1
876,5/29/2021,20.8,8,18.02,51.3,potatoes,TRUE,78.1
877,4/30/2019,-9,95.6,9.98,75.7,wheat,TRUE,14.7
878,04/09/2021,11.8,18.3,420.81,76,wheat,FALSE,48.6
879,02/03/2019,-7,5.1,251.27,98.8,tomatoes,TRUE,7.3
880,02/03/2022,35.6,9.3,216.3,16.7,potatoes,FALSE,52.8
881,11/28/2021,38.6,81.9,30.32,31.6,beans,TRUE,52.1
882,06/10/2017,23.8,22.7,274.68,21.9,wheat,TRUE,5.7
883,1/16/2017,-2.6,79.2,447.11,99.4,beans,TRUE,7.8
884,2/17/2021,15.7,21.3,192.79,53.6,maize,TRUE,80.3
885,11/08/2017,34,5,37.3,37.3,beans,TRUE,45
886,2/26/2020,-3,48.7,67.78,60.2,beans,FALSE,52.8
887,04/02/2022,38.6,80.8,371.27,95.7,tomatoes,TRUE,67.6
888,7/15/2019,14.3,13.6,44.4,34.8,potatoes,FALSE,81.1
889,11/02/2018,5.1,72.5,45.76,18.7,tomatoes,FALSE,73.8
890,8/17/2019,33.1,37.1,1.67,65.2,wheat,TRUE,66.6
891,12/07/2018,27.8,85,11.32,17.4,beans,FALSE,44.4
892,9/15/2019,19.5,46.3,486.99,65.4,tomatoes,TRUE,74.2
893,11/16/2021,13.3,51.2,201.55,44.5,tomatoes,FALSE,43
894,5/22/2020,8.8,27.7,253.53,22.4,wheat,TRUE,79.3
895,6/25/2017,-2.1,26.2,52.44,58,beans,FALSE,60
896,7/18/2022,10.9,30.8,350.2,70.1,wheat,FALSE,90.2
897,01/08/2017,-4.5,19.7,395.85,87.4,maize,FALSE,21.6
898,06/07/2021,31.2,31.6,327.91,82.7,maize,FALSE,2.5
899,06/01/2022,23.4,57.5,151.56,22.1,beans,TRUE,81.5
900,6/24/2022,18.5,42,322.69,56,potatoes,FALSE,59
901,11/16/2017,-2.2,77.2,351.21,92.7,wheat,TRUE,14.1
902,05/09/2020,6.2,89.1,8.18,98.1,maize,TRUE,95.5
903,8/17/2019,19.9,50.9,421.6,1.9,tomatoes,TRUE,66.3
904,10/07/2019,20.9,80.4,77.76,60,potatoes,FALSE,24.3
905,8/27/2019,6.8,0.2,323.38,59,tomatoes,FALSE,62.6
906,11/15/2020,-1.7,22.2,352.72,76.1,maize,TRUE,1.1
907,8/28/2017,-10,22,396.69,97.8,maize,FALSE,92.5
908,1/18/2019,22.2,12.5,107.39,42,wheat,TRUE,37.9
909,7/27/2022,38.2,16,313.09,32.6,potatoes,TRUE,33.9
910,11/17/2021,-5.4,23.9,276.65,9.8,wheat,FALSE,61.5
911,8/13/2017,8.5,98.7,425.39,47.3,tomatoes,FALSE,59.4
912,4/17/2021,26.5,72.9,199.14,33.4,beans,TRUE,98.9
913,07/12/2018,-0.7,20.6,59.65,54.3,beans,FALSE,19.8
914,6/15/2017,38,44.7,433.76,79.4,potatoes,FALSE,47.8
915,6/24/2020,-4.1,34.7,231.88,87.8,beans,FALSE,96.4
916,7/21/2020,10.5,17.5,121.08,76.7,potatoes,TRUE,48.5
917,05/03/2021,24.7,45.5,471.38,7.9,tomatoes,TRUE,63.1
918,02/04/2019,7.8,41,304.83,47.4,tomatoes,FALSE,57.8
919,05/07/2020,22.5,54.9,391.59,72.7,tomatoes,FALSE,36.6
920,3/19/2021,11,17,100.66,2.5,wheat,FALSE,24.3
921,1/17/2017,2.9,4.4,246.23,27.4,potatoes,TRUE,13.8
922,8/31/2020,-3.4,69.6,216.33,74.5,potatoes,FALSE,68.7
923,09/06/2017,33.4,85.2,401.46,27.6,wheat,FALSE,46.1
924,03/06/2019,32.9,49.8,207.52,38,maize,TRUE,32.6
925,12/06/2017,37.4,96.2,130.97,69,maize,TRUE,3
926,3/31/2021,1.7,8,244.28,5.4,tomatoes,FALSE,20.8
927,9/22/2022,15.7,45.2,356.46,74.3,potatoes,FALSE,34
928,2/13/2018,11.6,46,256.75,51.8,wheat,FALSE,33.6
929,04/01/2019,26.9,86.2,466.62,95,wheat,TRUE,42.2
930,12/14/2019,22.9,1.2,117.77,60.1,wheat,TRUE,61.7
931,6/23/2021,36.8,74.6,319.52,73.5,wheat,FALSE,47.2
932,10/20/2018,22,86.8,152.74,52.8,tomatoes,FALSE,30.3
933,10/01/2017,9.8,4.7,348.41,94.4,tomatoes,TRUE,76.6
934,12/21/2020,25.1,12.9,116.08,92,tomatoes,FALSE,88.9
935,01/06/2021,21.5,84.9,328.37,70,maize,FALSE,7.8
936,08/12/2022,14.2,72.1,468.8,34.4,beans,FALSE,77.5
937,07/06/2020,29,87.5,96.96,21.3,beans,TRUE,65.7
938,1/19/2020,25.3,17.7,448.91,28.6,tomatoes,FALSE,69.7
939,1/26/2021,-1.7,35.4,320.52,53.6,maize,FALSE,73.5
940,01/05/2022,24.5,68.1,149.47,66.6,beans,FALSE,86.5
941,8/24/2018,25.1,29.8,364.8,68.3,wheat,FALSE,36.3
942,9/13/2022,9.4,69.1,403.7,64.8,tomatoes,FALSE,65.5
943,11/19/2017,5.4,17.1,225.76,50.2,maize,FALSE,38.9
944,7/18/2019,8.9,93.5,69.24,50.5,tomatoes,FALSE,15.5
945,6/29/2019,11.9,71.2,396.68,68.7,potatoes,TRUE,22
946,4/24/2020,1.2,80.7,105.47,85.9,beans,FALSE,73
947,2/22/2018,39.6,13,214.91,58.1,potatoes,TRUE,32.4
948,12/04/2018,28.5,47.8,180.76,34.8,potatoes,FALSE,84.5
949,8/17/2017,0.2,86.9,356.05,16.5,beans,FALSE,19.8
950,5/19/2019,-4,51.4,297.9,55.5,tomatoes,FALSE,42.9
951,08/04/2018,33.6,9,182.76,75.7,tomatoes,TRUE,25.4
952,9/28/2022,-1.3,7.2,320.08,44.6,tomatoes,FALSE,93.8
953,12/18/2019,10.5,23.2,385.47,8.6,tomatoes,FALSE,88.8
954,07/10/2021,-2.1,51.2,314.43,18.7,tomatoes,TRUE,31.9
955,04/10/2018,9.8,71.3,309.58,72.3,potatoes,TRUE,15.4
956,03/07/2019,37.6,91.6,401.23,95,potatoes,FALSE,78.3
957,4/26/2020,16.7,22.9,80.46,52,wheat,FALSE,84.4
958,2/28/2017,10.1,21.3,414.31,18.1,wheat,FALSE,27.4
959,10/05/2022,29.6,51.5,285.04,42.8,maize,FALSE,2.1
960,03/05/2017,28.9,58.1,252.9,49.5,wheat,TRUE,26.4
961,1/28/2017,25.9,37.8,147.91,44.3,potatoes,TRUE,83.4
962,4/15/2019,24.9,37.1,94.01,21.7,beans,FALSE,19.3
963,11/17/2019,5.4,16.6,92.02,96.6,maize,TRUE,12.3
964,8/16/2021,-6.4,4,115.54,66.4,tomatoes,FALSE,35.7
965,6/24/2020,-9.4,0.1,112.33,11.4,potatoes,FALSE,33.5
966,3/25/2017,-9.6,53.6,421.2,77.1,tomatoes,TRUE,26.4
967,3/20/2018,25.8,22.9,370.05,54.5,beans,TRUE,18.3
968,07/02/2017,18,89.2,272.13,50.3,beans,TRUE,3
969,12/01/2017,34.1,10.1,101.15,64.2,potatoes,TRUE,34.7
970,10/18/2017,-1.6,40.8,19.43,83.7,tomatoes,FALSE,68.9
971,12/03/2022,12.8,95.9,413.46,9.2,potatoes,TRUE,8
972,12/28/2018,0.7,5.3,495.63,4.7,tomatoes,FALSE,37.3
973,4/27/2022,-3.1,58.4,456.89,5.2,potatoes,TRUE,8.1
974,10/15/2020,1.1,21.3,335.9,25.8,potatoes,TRUE,30.7
975,11/21/2019,30.2,74.2,386.31,32.1,tomatoes,FALSE,39.6
976,02/04/2021,25.8,99.1,8.17,76,tomatoes,FALSE,26.3
977,12/18/2018,-2.6,80.5,401.95,43.2,potatoes,TRUE,18.2
978,4/17/2018,23.4,62.9,323.88,34.4,beans,TRUE,53
979,02/04/2018,30.3,13.6,398.26,62.3,maize,TRUE,12.7
980,12/11/2019,29.6,82.1,110.87,4.9,wheat,FALSE,83.1
981,10/28/2021,18.9,89.3,141.7,58.1,tomatoes,TRUE,85.9
982,6/29/2018,5.2,72.3,104.96,22.3,beans,TRUE,85.9
983,04/09/2019,-8.5,6.5,231.72,50,tomatoes,TRUE,22.9
984,4/20/2020,19.1,54.5,14.91,15.1,maize,TRUE,5.2
985,7/26/2017,-5.1,21.1,294.38,94.2,maize,TRUE,91.2
986,1/30/2021,8.6,98.9,363.72,3.1,tomatoes,FALSE,88.8
987,09/05/2019,-5.8,70.7,100.05,35.7,potatoes,TRUE,69.6
988,5/25/2020,12.2,89.3,469.91,1.1,maize,TRUE,69.6
989,11/12/2019,18.1,31.1,211.86,3.4,maize,FALSE,99.7
990,4/15/2022,34.2,14.9,138.9,96.9,potatoes,FALSE,84.9
991,10/20/2020,7.9,13.1,460.57,11.6,maize,FALSE,26
992,05/12/2018,-8.5,18.3,228.77,33.7,tomatoes,FALSE,59.8
993,11/07/2022,38.8,13.3,427.13,31.7,beans,TRUE,17.1
994,10/06/2017,30.5,38.8,216.17,77.9,wheat,FALSE,19.2
995,09/02/2021,-7.9,5.6,497.04,66.6,beans,TRUE,11.9
996,11/21/2017,32.8,93.4,324.21,37.7,tomatoes,TRUE,14.3
997,12/22/2018,30.8,66.5,277.49,96.9,maize,TRUE,8.3
998,9/19/2018,26.3,31.6,49.92,80.7,potatoes,TRUE,78
999,2/28/2020,22.7,81.5,44.36,67.2,beans,FALSE,69.1
1000,10/17/2020,39.2,0.5,210.64,96.7,beans,TRUE,24.4